{
  "train_loss": [
    0.6611367464065552,
    0.10939274728298187,
    0.0879400372505188,
    0.06641001999378204,
    0.052964434027671814,
    0.052303873002529144,
    0.03436271846294403,
    0.032050784677267075,
    0.03004339337348938,
    0.02168022282421589
  ],
  "val_loss": [
    1.6012074947357178,
    1.5547049045562744,
    1.5929062366485596,
    1.5215539932250977,
    1.5959436893463135,
    1.5130329132080078,
    1.529730200767517,
    1.534677267074585,
    1.5314441919326782,
    1.5327274799346924
  ],
  "lr": [
    1e-05,
    9.698463103929542e-06,
    8.83022221559489e-06,
    7.500000000000001e-06,
    5.8682408883346535e-06,
    4.131759111665349e-06,
    2.5000000000000015e-06,
    1.1697777844051105e-06,
    3.015368960704584e-07,
    0.0
  ]
}